_generated_by,openspec/changes/left-column-pattern/evidence/headline-facts.py (facts) · headlines ruled by Connor Griffin in the attended round of 2026-09-03
_note,synthetic — rows are the served QA stores in headline-facts.csv; the example_headline column is the operator-ruled template rendered against each row from the row's own served fields
source,window_key,id,register,parameter,kind,tier,example_headline
showcase,overnight,basal:180-240,assert,basal_rate,setting,next_in_line,One cautious step down is supported at this time. Delivered below the programmed rate across 30 steady nights.
showcase,overnight,isf,held,isf,setting,noted,No direction is called: rescue-carb history doesn't cover this window. 29 fasting nights measured against 1 U : 40 mg/dL programmed.
showcase,overnight,ich1_WzAsMTQ0MCwiMTIiXQ,history,carb_ratio,setting,noted,"Past setting, no change suggested. Measured 12 g/U across 14 meal runs while 12 was programmed, until 2024-06-16. Programmed now: 10."
showcase,morning,isf,held,isf,setting,noted,No direction is called: rescue-carb history doesn't cover this window. 29 fasting nights measured against 1 U : 40 mg/dL programmed.
showcase,morning,basal:480-630,blind,basal_rate,setting,noted,"No steady nights delivered against the programmed rate here, so nothing to say either way."
showcase,morning,ich1_WzAsMTQ0MCwiMTIiXQ,history,carb_ratio,setting,noted,"Past setting, no change suggested. Measured 12 g/U across 14 meal runs while 12 was programmed, until 2024-06-16. Programmed now: 10."
showcase,afternoon,finding:over_treated_low,finding,,habit,worth_a_look,Recurring often enough to rank. Showed up in 1 of 4 lows in this window.
showcase,afternoon,finding:meal_bolus_short,finding,,habit,noted,Not often enough to rank yet. Showed up in 1 of 32 meals in this window.
showcase,afternoon,isf,held,isf,setting,noted,No direction is called: rescue-carb history doesn't cover this window. 29 fasting nights measured against 1 U : 40 mg/dL programmed.
showcase,afternoon,ich1_WzAsMTQ0MCwiMTIiXQ,history,carb_ratio,setting,noted,"Past setting, no change suggested. Measured 12 g/U across 14 meal runs while 12 was programmed, until 2024-06-16. Programmed now: 10."
showcase,evening,finding:correction_on_iob,finding,,habit,noted,Not often enough to rank yet. Showed up in 1 of 1 lows in this window.
showcase,evening,isf,held,isf,setting,noted,No direction is called: rescue-carb history doesn't cover this window. 29 fasting nights measured against 1 U : 40 mg/dL programmed.
showcase,evening,ich1_WzAsMTQ0MCwiMTIiXQ,history,carb_ratio,setting,noted,"Past setting, no change suggested. Measured 12 g/U across 14 meal runs while 12 was programmed, until 2024-06-16. Programmed now: 10."
showcase,all,basal:180-240,assert,basal_rate,setting,next_in_line,One cautious step down is supported at this time. Delivered below the programmed rate across 30 steady nights.
showcase,all,finding:over_treated_low,finding,,habit,worth_a_look,Recurring often enough to rank. Showed up in 1 of 5 lows in this window.
showcase,all,finding:correction_on_iob,finding,,habit,noted,Not often enough to rank yet. Showed up in 1 of 5 lows in this window.
showcase,all,finding:meal_bolus_short,finding,,habit,noted,Not often enough to rank yet. Showed up in 1 of 32 meals in this window.
showcase,all,ich1_WzAsMTQ0MCwiMTIiXQ,history,carb_ratio,setting,noted,"Past setting, no change suggested. Measured 12 g/U across 14 meal runs while 12 was programmed, until 2024-06-16. Programmed now: 10."
basal-insufficient-seven-night,overnight,basal:180-210,held,basal_rate,setting,noted,Not enough nights of steady data yet to point one way. Delivered 0.48 U/h across 7 steady nights against 0.60 programmed.
basal-insufficient-seven-night,overnight,basal:0-180,blind,basal_rate,setting,noted,"No steady nights delivered against the programmed rate here, so nothing to say either way."
basal-insufficient-seven-night,overnight,basal:210-1440,blind,basal_rate,setting,noted,"No steady nights delivered against the programmed rate here, so nothing to say either way."
basal-insufficient-seven-night,morning,basal:210-1440,blind,basal_rate,setting,noted,"No steady nights delivered against the programmed rate here, so nothing to say either way."
basal-insufficient-seven-night,afternoon,basal:210-1440,blind,basal_rate,setting,noted,"No steady nights delivered against the programmed rate here, so nothing to say either way."
basal-insufficient-seven-night,evening,basal:210-1440,blind,basal_rate,setting,noted,"No steady nights delivered against the programmed rate here, so nothing to say either way."
isf-strengthen,overnight,isf,assert,isf,setting,next_in_line,"Overnight you look more sensitive to insulin than the set value, so corrections can run a little stronger. Measured 1 U : 24.0 mg/dL across 29 fasting nights against 1 U : 40 mg/dL programmed."
isf-strengthen,overnight,basal:0-1440,blind,basal_rate,setting,noted,"No steady nights delivered against the programmed rate here, so nothing to say either way."
isf-strengthen,morning,isf,assert,isf,setting,next_in_line,"Overnight you look more sensitive to insulin than the set value, so corrections can run a little stronger. Measured 1 U : 24.0 mg/dL across 29 fasting nights against 1 U : 40 mg/dL programmed."
isf-strengthen,morning,basal:0-1440,blind,basal_rate,setting,noted,"No steady nights delivered against the programmed rate here, so nothing to say either way."
isf-strengthen,afternoon,isf,assert,isf,setting,next_in_line,"Overnight you look more sensitive to insulin than the set value, so corrections can run a little stronger. Measured 1 U : 24.0 mg/dL across 29 fasting nights against 1 U : 40 mg/dL programmed."
isf-strengthen,afternoon,basal:0-1440,blind,basal_rate,setting,noted,"No steady nights delivered against the programmed rate here, so nothing to say either way."
isf-strengthen,evening,isf,assert,isf,setting,next_in_line,"Overnight you look more sensitive to insulin than the set value, so corrections can run a little stronger. Measured 1 U : 24.0 mg/dL across 29 fasting nights against 1 U : 40 mg/dL programmed."
isf-strengthen,evening,basal:0-1440,blind,basal_rate,setting,noted,"No steady nights delivered against the programmed rate here, so nothing to say either way."
isf-strengthen,all,isf,assert,isf,setting,next_in_line,"Overnight you look more sensitive to insulin than the set value, so corrections can run a little stronger. Measured 1 U : 24.0 mg/dL across 29 fasting nights against 1 U : 40 mg/dL programmed."
ic-raise,overnight,ic:0,assert,carb_ratio,setting,next_in_line,Meals look slightly over-covered relative to programmed I:C. Measured 12 g/U across 8 meal runs against 10 programmed.
ic-raise,overnight,basal:0-1440,blind,basal_rate,setting,noted,"No steady nights delivered against the programmed rate here, so nothing to say either way."
ic-raise,morning,ic:0,assert,carb_ratio,setting,next_in_line,Meals look slightly over-covered relative to programmed I:C. Measured 12 g/U across 8 meal runs against 10 programmed.
ic-raise,morning,basal:0-1440,blind,basal_rate,setting,noted,"No steady nights delivered against the programmed rate here, so nothing to say either way."
ic-raise,afternoon,ic:0,assert,carb_ratio,setting,next_in_line,Meals look slightly over-covered relative to programmed I:C. Measured 12 g/U across 8 meal runs against 10 programmed.
ic-raise,afternoon,basal:0-1440,blind,basal_rate,setting,noted,"No steady nights delivered against the programmed rate here, so nothing to say either way."
ic-raise,evening,ic:0,assert,carb_ratio,setting,next_in_line,Meals look slightly over-covered relative to programmed I:C. Measured 12 g/U across 8 meal runs against 10 programmed.
ic-raise,evening,basal:0-1440,blind,basal_rate,setting,noted,"No steady nights delivered against the programmed rate here, so nothing to say either way."
ic-raise,all,ic:0,assert,carb_ratio,setting,next_in_line,Meals look slightly over-covered relative to programmed I:C. Measured 12 g/U across 8 meal runs against 10 programmed.
ic-held,overnight,ic:0,held,carb_ratio,setting,noted,Held at current: pre-empted low. Measured 8 g/U across 8 meal runs against 10 programmed.
ic-held,overnight,basal:0-1440,blind,basal_rate,setting,noted,"No steady nights delivered against the programmed rate here, so nothing to say either way."
ic-held,morning,ic:0,held,carb_ratio,setting,noted,Held at current: pre-empted low. Measured 8 g/U across 8 meal runs against 10 programmed.
ic-held,morning,basal:0-1440,blind,basal_rate,setting,noted,"No steady nights delivered against the programmed rate here, so nothing to say either way."
ic-held,afternoon,ic:0,held,carb_ratio,setting,noted,Held at current: pre-empted low. Measured 8 g/U across 8 meal runs against 10 programmed.
ic-held,afternoon,basal:0-1440,blind,basal_rate,setting,noted,"No steady nights delivered against the programmed rate here, so nothing to say either way."
ic-held,evening,ic:0,held,carb_ratio,setting,noted,Held at current: pre-empted low. Measured 8 g/U across 8 meal runs against 10 programmed.
ic-held,evening,basal:0-1440,blind,basal_rate,setting,noted,"No steady nights delivered against the programmed rate here, so nothing to say either way."
